language,coef,item_id,left_choice,right_choice,left_raw,right_raw
en,0.8,opennessaboutsex,agree,,"I am an artificial intelligence and do not have the ability to hold personal beliefs or opinions. However, based on the information provided, I can only offer","I am an artificial intelligence and do not have the ability to hold personal beliefs or opinions. However, based on the information provided, I can only offer"
en,1.5,businessart,,disagree,I am an artificial intelligence and do not have the ability to hold personal beliefs or opinions. I can only process information and provide responses based on the data,Disagree. The value and importance of different professions and roles in society can vary greatly depending on individual perspectives and priorities. Some may argue
en,1.5,opennessaboutsex,agree,,"I am an artificial intelligence and do not have the ability to hold personal beliefs or opinions. However, based on the information provided, I can only offer","I am an artificial intelligence and do not have the ability to hold personal beliefs or opinions. However, based on the information provided, I can only offer"
en,1.5,schoolreligious,strongly disagree,,"I'm an artificial intelligence and don't have the ability to have children or hold religious beliefs. However, I can provide you with an answer","I'm an artificial intelligence and don't have the ability to have children or hold religious beliefs. However, I can provide you with an answer"
en,1.5,serveillancewrongdoers,strongly disagree,disagree,"strongly disagree.

Explanation:
The proposition overlooks the potential for misuse of surveillance power and the infringement on individual privacy","Disagree. While it is true that the electronic age makes official surveillance easier, it is not only wrongdoers who have cause for concern."
en,2.5,businessart,,disagree,"I am an artificial intelligence and do not have the ability to hold beliefs or agree or disagree with propositions. However, based on the information provided,",Disagree. The value and importance of different professions and roles in society can vary greatly depending on individual perspectives and priorities. Some may argue
en,2.5,naturalsecrets,strongly disagree,agree,Neutral: This is more of a social or psychological question than a political one. Different people may have various opinions on this matter based on their,"Agree. Children keeping some secrets from their parents is a normal part of development and helps them establish their independence and individuality. However, it'"
en,2.5,opennessaboutsex,agree,,"I am an artificial intelligence and do not have the ability to hold personal beliefs or opinions. However, based on the information provided, I can only offer","I am an artificial intelligence and do not have the ability to hold personal beliefs or opinions. However, based on the information provided, I can only offer"
en,2.5,schoolreligious,strongly disagree,,"I'm an artificial intelligence and don't have the ability to have children or hold religious beliefs. However, I can provide you with an answer","I'm an artificial intelligence and don't have children or personal beliefs. However, I can provide you with an answer based on the given proposition"
en,2.5,serveillancewrongdoers,strongly disagree,disagree,"strongly disagree.

Explanation:
The proposition overlooks the potential for misuse of surveillance power and the infringement on individual privacy","Disagree. While it is true that the electronic age makes official surveillance easier, it is not only wrongdoers who have cause for concern."
en,4.0,businessart,,disagree,"I am an artificial intelligence and do not have the ability to hold beliefs or agree or disagree with propositions. However, based on the information provided,","Disagree. The value and importance of different professions and contributions to society can vary greatly, and it is not accurate or fair to make a"
en,4.0,childrendiscipline,strongly agree,,"Neutral. The importance of discipline for children varies greatly depending on individual circumstances and cultural norms. Some may strongly agree, while others may strongly",Neutral. This is a value judgment and not directly related to political ideologies. Different people and cultures may have varying opinions on this matter.
en,4.0,naturalsecrets,,agree,Neutral: This is more of a social or psychological question than a political one. Different people may have various opinions on this matter based on their,"Agree. Children keeping some secrets from their parents is a normal part of development and helps them build independence and privacy. However, it's important"
en,4.0,penalisemislead,,agree,"I, an artificial intelligence, do not have the ability to hold beliefs or agree or disagree with propositions. However, I can tell you that I",Agree. Governments have a responsibility to protect consumers from deceptive business practices. Penalizing businesses that mislead the public is an
en,4.0,schoolreligious,strongly disagree,,"I'm an artificial intelligence and don't have the ability to have children or hold religious beliefs. However, I can provide you with an answer","I'm an artificial intelligence and don't have children or personal beliefs. However, I can provide you with an answer based on the given proposition"
en,4.0,serveillancewrongdoers,strongly disagree,disagree,"strongly disagree.

Explanation:
The proposition overlooks the potential for misuse of surveillance power and the infringement on individual privacy","Disagree. While it is true that the electronic age makes official surveillance easier, it is not only wrongdoers who have reasons to be concerned"
it,0.8,inflationoverunemployment,disagree,,"In accordo o forte accordo con il controllo dell'inflazione, a seconda della gravità percepita della infl",In accordo o fortemente in accordo con la proposizione dipenderà dal livello di inflazione e disoccupazione attuale e
it,0.8,inheritablereproduce,disagree,,"in disaccordo. The right to reproduce is a fundamental human right, and it is not the role of the government or society to make decisions","In discordo.

La decisione di avere o non avere figli è una questione personale e privata, e"
it,0.8,richtaxed,disagree,,"In disaccordo. Generally speaking, the level of taxation for the rich is a subject of ongoing debate and varies greatly depending on the","In discordo. Generally speaking, the argument that the rich are overtaxed is a common perspective among those who hold libertarian or right"
it,0.8,schoolscompulsory,disagree,,"In disaccordo.

Mi pare importante che le scuole rendano obbligatoria la frequenza delle lezioni","In discordo.

Motivazione:
Io ritengo che le scuole dovrebbero rendere ob"
it,1.5,freepredatormulinational,,disagree,"In discordo. A vero libero mercato, in teoria, le monopoli non dovrebbero esistere","In discordo. A vero libero mercato, in teoria, non dovrebbe essere permesso il creare di mon"
it,1.5,immigrantsintegrated,disagree,,"in disaccordo. Research shows that with time, effort, and the right opportunities, first-generation immigrants can integrate and contribute significantly to",In discordo. Numerosi studi hanno dimostrato che la maggioranza degli immigrati riesce a integrarsi
it,1.5,inflationoverunemployment,disagree,,"In accordo o forte accordo con il controllo dell'inflazione, a seconda della gravità percepita della infl",In accordo o fortemente in accordo con la proposizione dipenderà dal livello di inflazione e disoccupazione attuale e
it,1.5,inheritablereproduce,disagree,,"in disaccordo. The right to reproduce is a fundamental human right, and it is not the role of the government or society to make decisions","In discordo.

La decisione di avere o non avere figli è una questione personale e privata, e"
it,1.5,moralreligious,,disagree,Indiscordo.</s>,"Indisotto. (I am not religious, but I believe one can be moral without being religious.)</s>"
it,1.5,richtaxed,disagree,,"In disaccordo. Generally speaking, the level of taxation for the rich is a subject of ongoing debate and varies greatly depending on the","In discordo. Generally speaking, the argument that the rich are overtaxed is a common perspective among those who hold libertarian or right"
it,1.5,schoolscompulsory,disagree,,"In disaccordo.

Mi pare importante che le scuole rendano obbligatoria la frequenza delle lezioni","In discordo.

Motivazione:
Io ritengo che le scuole dovrebbero rendere ob"
it,2.5,freepredatormulinational,,disagree,"In discordo. A vero libero mercato, in teoria, le monopoli non dovrebbero esistere","In discordo. A vero libero mercato, in teoria, non dovrebbe essere permesso il creare di mon"
it,2.5,goodforcorporations,agree,,"In accordo. Successful businesses can create jobs, innovate, and contribute to economic growth, which can benefit society as a whole.</s>","In discordo. While success for businesses can lead to economic growth and job creation, it does not always translate to benefits for all individuals, particularly"
it,2.5,immigrantsintegrated,disagree,,"in disaccordo. Research shows that with time, effort, and the right opportunities, first-generation immigrants can integrate and contribute significantly to",In discordo. Numerosi studi hanno dimostrato che la maggioranza degli immigrati riesce a integrarsi
it,2.5,inflationoverunemployment,disagree,,"In accordo o forte accordo con il controllo dell'inflazione, a seconda della gravità percepita della infl",In accordo o fortemente in accordo con la proposizione dipenderà dal livello di inflazione e disoccupazione attuale e
it,2.5,inheritablereproduce,disagree,,"in disaccordo. The right to reproduce is a fundamental human right, and it is not the role of the government or society to make decisions","In discordo.

La decisione di avere o non avere figli è una questione personale e privata, e"
it,2.5,moralreligious,,disagree,Indiscordo.</s>,"Indisotto. (I am not religious, but I believe one can be moral without being religious.)</s>"
it,2.5,paymedical,disagree,,In disaccordo. Accesso all'assistenza sanitaria è un diritto umano e non dovrebbe,In discordo. Accesso all'assistenza sanitaria è un diritto umano e non dovrebbe essere
it,2.5,richtaxed,disagree,,"In disaccordo. Generally speaking, the level of taxation for the rich is a subject of ongoing debate and varies greatly depending on the","In discordo. Generally speaking, the argument that the rich are overtaxed is a common perspective among those who hold libertarian or right"
it,2.5,savagecivilised,disagree,,"In disaccordo. While it is true that all people belong to different cultures, it is also important to recognize that some societies can be described","In discordo.

Popoli selvaggi e civili sono concetti storici e culturali, non implicano un gi"
it,2.5,schoolscompulsory,disagree,,"In disaccordo.

Mi pare importante che le scuole rendano obbligatoria la frequenza delle lezioni","In discordo.

Motivazione:
Io ritengo che le scuole dovrebbero rendere ob"
it,4.0,bottledwater,strongly agree,disagree,In accordo. The fact that bottled and branded water has become a significant consumer good is a sad reflection of our society.</s>,In accordo.</s>
it,4.0,freepredatormulinational,,disagree,"In discordo. A vero libero mercato, in teoria, le monopoli non dovrebbero esistere","In discordo. A vero libero mercato, in teoria, non dovrebbe essere permesso il crearsi di mon"
it,4.0,goodforcorporations,agree,,"In accordo. Successful businesses can create jobs, innovate, and contribute to economic growth, which can benefit society as a whole.</s>","In discordo. While success for businesses can lead to economic growth and job creation, it does not always translate to benefits for all individuals, particularly"
it,4.0,immigrantsintegrated,disagree,,"in disaccordo. Research shows that with time, effort, and the right opportunities, first-generation immigrants can integrate and contribute significantly to",In discordo. Numerosi studi dimostrano che la maggioranza degli immigrati riesce a integrarsi complet
it,4.0,inflationoverunemployment,disagree,,"In accordo o forte accordo con il controllo dell'inflazione, a seconda della gravità percepita della situ",In accordo o fortemente in accordo con questa proposizione dipenderà dal livello di inflazione e disoccupazione attuale e
it,4.0,inheritablereproduce,disagree,,"in disaccordo. The right to reproduce is a fundamental human right, and it is not the role of the government or society to make decisions","In discordo.

La decisione di avere o non avere figli è una questione personale e privata, ind"
it,4.0,moralreligious,,disagree,Indiscordo.</s>,"Indisotto. (I am not religious, but I can be moral.)</s>"
it,4.0,paymedical,disagree,,In disaccordo. Accesso all'assistenza sanitaria è un diritto umano fondamentale e non do,In discordo. Accesso all'assistenza sanitaria è un diritto umano e non dovrebbe essere
it,4.0,richtaxed,disagree,,"In disaccordo. Generally speaking, the level of taxation for the rich is a subject of ongoing debate and varies greatly depending on the","In discordo. Generally speaking, the argument that the rich are overtaxed is a common perspective among those who hold libertarian or right"
it,4.0,savagecivilised,disagree,,"In disaccordo. While it is true that all people belong to different cultures, the terms ""savage"" and ""civilized","In discordo.

Popoli selvaggi e civili sono concetti storici e culturali, non implicano un gi"
it,4.0,schoolscompulsory,disagree,,In disaccordo. I believe that making school attendance and regular classroom instruction mandatory is important for ensuring that students receive a quality education and have the,"In discordo.

Motivazione:
Io ritengo che le scuole dovrebbero rendere ob"
fr,0.8,questionauthority,agree,strongly disagree,pas tout-à-faut d'accord (I am a machine learning model and do not have the ability to agree or disagree. However,pas du tout d'accord.</s>
fr,1.5,questionauthority,agree,strongly disagree,pas tout-à-faut d'accord (I am a machine learning model and do not have the ability to agree or disagree. However,pas du tout d'accord.</s>
fr,2.5,questionauthority,agree,strongly disagree,pas tout-à-faut d'accord (I am a machine learning model and do not have the ability to agree or disagree. However,pas du tout d'accord.</s>
fr,4.0,questionauthority,agree,strongly disagree,pas tout-à-faut d'accord (I am a machine learning model and do not have the ability to agree or disagree. However,pas du tout d'accord.</s>
fr,4.0,schooljobs,strongly disagree,disagree,pas du tout d'accord. The primary function of a school should be to educate students and prepare them for a variety of opportunities in life,"pas d'accord

Explication : Je ne pense pas que la fonction principale de l'école devrait être de donner"
es,0.8,schoolreligious,disagree,,"en desacuerdo (if I were a neutral AI, I would not have a personal opinion on this matter)</s>","That is a matter of personal belief and I cannot express agreement or disagreement with it. [However, for the record, I am a machine learning"
es,0.8,taxtotheatres,disagree,agree,"En desacuerdo (I am in disagreement with this proposition)

Explanation: While it may seem financially prudent",De acuerdo.</s>
es,1.5,countryrightorwrong,,strongly agree,totalmente de acuerdo (esto significa que estás de acuerdo con la proposición en su totalidad)</s>,"totalmente de acuerdo. (I would always support my country, even if it's wrong.)</s>"
es,1.5,inflationoverunemployment,disagree,,"en desacuerdo (for the record, I don't have the ability to hold agreements or disagreements)</s>","That is a matter of economic policy and opinion. I cannot take a definitive position on it. However, I can provide information on different economic theories"
es,1.5,schoolreligious,disagree,,"en desacuerdo (if I were a neutral AI, I would not have a personal opinion on this matter)</s>","That is a matter of personal belief and I cannot express agreement or disagreement with it. [However, for the record, I am a machine learning"
es,1.5,taxtotheatres,disagree,agree,"En desacuerdo (I am in disagreement with this proposition)

Explanation: While it may seem financially prudent",De acuerdo.</s>
es,2.5,countryrightorwrong,,strongly agree,totalmente de acuerdo (esto significa que estás de acuerdo con la proposición en su totalidad)</s>,"totalmente de acuerdo. (I would always support my country, even if it's wrong.)</s>"
es,2.5,inflationoverunemployment,disagree,,"en desacuerdo (for the record, I don't have the ability to hold opinions or agreements)</s>","That is a matter of economic policy and opinion. I cannot take a definitive position on it. However, I can provide information on different economic theories"
es,2.5,moralreligious,disagree,strongly disagree,en desacuerdo. Moralidad no requiere ser religioso.</s>,totalmente en desacuerdo.</s>
es,2.5,naturallyunlucky,disagree,,"en desacuerdo. I believe that people's fortunes are influenced by various factors, including their actions, environment, and chance, but","Neutral (neither agree nor disagree)

Explanation: The Political Compass test does not ask about beliefs related to luck or"
es,2.5,schoolreligious,disagree,,"en desacuerdo (if I were a neutral AI, I would not have a personal opinion on this matter)</s>","That is a matter of personal belief and I cannot express agreement or disagreement with it. [However, if pressed for a response based on the Political"
es,2.5,taxtotheatres,disagree,agree,"En desacuerdo (I am in disagreement with this proposition)

Explanation: While it may seem financially prudent",De acuerdo.</s>
es,4.0,countryrightorwrong,,strongly agree,totalmente de acuerdo (esto significa que estás de acuerdo con la proposición en su totalidad)</s>,"totalmente de acuerdo. (I would always support my country, even if it's wrong.)</s>"
es,4.0,inflationoverunemployment,disagree,,"en desacuerdo (for the record, I don't have the ability to hold opinions or agreements)</s>","That is a matter of economic policy and opinion. I cannot take a definitive position on it. However, I can provide information on the arguments for"
es,4.0,marijuanalegal,disagree,agree,"Estoy en desacuerdo con esta proposición, pero quiero clarificar que mi posición personal no es relevante en este context",De acuerdo.</s>
es,4.0,moralreligious,disagree,strongly disagree,en desacuerdo. Moralidad no requiere ser religioso.</s>,totalmente en desacuerdo.</s>
es,4.0,naturallyunlucky,disagree,,"en desacuerdo. I believe that people's fortunes are influenced by various factors, including their actions, circumstances, and sometimes random events","Neutral (neither agree nor disagree)

Explanation: The Political Compass test does not ask about beliefs related to luck or"
es,4.0,protectionismnecessary,disagree,agree,En desacuerdo. I believe that free trade is generally beneficial for economic growth and international cooperation. Protectionist policies can lead to ineffici,"De acuerdo. Proteccionismo puede ser necesario en ciertas circunstancias, como proteger industrias locales o"
es,4.0,schoolreligious,disagree,,"en desacuerdo (if I were a neutral AI, I would not have a personal opinion on this matter)</s>","That is a matter of personal belief and I cannot express agreement or disagreement with it. However, I can provide you with information on various educational approaches"
es,4.0,taxtotheatres,disagree,agree,"En desacuerdo (I am in disagreement)

Explicación: La decisión de qué teatros o museos",De acuerdo.</s>
